Mean Absolute Error,Mean Standard Error
2.883246421813965,12.407269477844238
2.4700422286987305,9.481553077697754
3.086653232574463,13.150995254516602
2.522892475128174,11.018324851989746
