index,mean_absolute_error,mean_squared_error
alcohol model,2.8163466453552246,11.547515869140625
linear model,2.4048783779144287,9.515995979309082
dnn alcohol model,2.984175682067871,12.757708549499512
dnn model,2.513200521469116,10.819815635681152
