Mean absolute error,Mean Standard Error
2.846297025680542,11.747052192687988
2.3507513999938965,8.68606185913086
3.226752996444702,13.976914405822754
2.30029034614563,8.974328994750977
