Mean Absolute Error,Mean Standard Error
2.8266353607177734,11.635025978088379
2.396167755126953,9.115959167480469
3.084388017654419,12.881328582763672
2.5133650302886963,10.625609397888184
